<?xml version='1.0' encoding='UTF-8'?><ResultsSession buildId="CICD_JavaProjectTemplate-2025-02-10" climode="true" endTime="2025-02-10T10:30:58+08:00" execEnv="win32_x86_64" hasViols="false" id="1738927164778" lang="zh_CN" machine="CD-DTANG" prjModule="com.parasoft:project-with-default-package" project="CICD_JavaProjectTemplate" tag="Unit Tests-com.parasoft:project-with-default-package-${scontrol_branch}-win32_x86_64" time="2025-02-10T10:30:57+08:00" toolDispName="Jtest" toolId="jtest" toolName="DTP Engine for Java" toolVer="2024.2.0" user="dtang">
   <TestConfig machine="CD-DTANG" name="Unit Tests" pseudoUrl="builtin://Unit Tests" user="dtang"/>
   <Authors>
      <Author id="dev1" name="dtang"/>
   </Authors>
   <Analyzers>
      <Analyzer id="com.parasoft.jtest.coverage" name="Parasoft 代码覆盖率分析器" ver="10.7.1.20241031"/>
      <Analyzer id="com.parasoft.jtest.unittests.analyzers.UTDataAnalyzer" name="Parasoft JUnit 分析器" ver="10.7.1.20241031"/>
   </Analyzers>
   <VersionInfos>
      <StorageInfo ownerId="" resultId="ISetupResult" ver="1" ver10x="1"/>
      <StorageInfo ownerId="com.parasoft.xtest.checkers.api.standards" resultId="IMetricsViolation" ver="2" ver10x="1"/>
      <StorageInfo ownerId="" resultId="IExecutionViolation" ver="1" ver10x="1"/>
      <StorageInfo ownerId="com.parasoft.xtest.checkers.api.standards" resultId="IDupCodeViolation" ver="2" ver10x="1"/>
      <StorageInfo ownerId="com.parasoft.xtest.checkers.api.standards" resultId="IFlowAnalysisViolation" ver="2" ver10x="1"/>
      <StorageInfo ownerId="" resultId="IFunctionalViolation" ver="1" ver10x="1"/>
      <StorageInfo ownerId="" resultId="IChangeImpactViolation" ver="1" ver10x="1"/>
      <StorageInfo ownerId="com.parasoft.xtest.checkers.api.standards" resultId="ICodingStandardsViolation" ver="2" ver10x="1"/>
      <StorageInfo ownerId="" resultId="IUnitTestViolation" ver="1" ver10x="1"/>
   </VersionInfos>
   <Goals tsks="0">
      
   </Goals>
   <Scope>
      <Repositories/>
      <Locations>
         <Loc binHash="1125648815;4019126642;3238177698" covId="516238227,1495237307,-1072665781" hash="1741334343" locRef="1" projId="com.parasoft:project-with-default-package" projPath="/com.parasoft:project-with-default-package" project="com.parasoft:project-with-default-package" resProjPath="src/main/java/Calculator.java" sym=".Calculator$Screen$Brightness:-1072665781;.Calculator$Screen:1495237307;.Calculator:516238227" totLns="27" uri="file:/D:/Download/project/JavaProjectTemplate/src/main/java/Calculator.java"/>
         <Loc binHash="3583135400" covId="1022206551" hash="-662881149" locRef="2" projId="com.parasoft:project-with-default-package" projPath="/com.parasoft:project-with-default-package" project="com.parasoft:project-with-default-package" resProjPath="src/main/java/com/parasoft/Convertor.java" sym="com.parasoft.Convertor:1022206551" totLns="14" uri="file:/D:/Download/project/JavaProjectTemplate/src/main/java/com/parasoft/Convertor.java"/>
         <Loc binHash="2504401132" covId="-563343906" hash="-1958751415" locRef="3" projId="com.parasoft:project-with-default-package" projPath="/com.parasoft:project-with-default-package" project="com.parasoft:project-with-default-package" resProjPath="src/main/java/com/parasoft/another/Convertor.java" sym="com.parasoft.another.Convertor:-563343906" totLns="17" uri="file:/D:/Download/project/JavaProjectTemplate/src/main/java/com/parasoft/another/Convertor.java"/>
         <Loc binHash="557083426" covId="31915879" hash="-1706285489" locRef="4" projId="com.parasoft:project-with-default-package" projPath="/com.parasoft:project-with-default-package" project="com.parasoft:project-with-default-package" resProjPath="src/main/java/com/parasoft/interfaces/IConvertor.java" sym="com.parasoft.interfaces.IConvertor:31915879" totLns="5" uri="file:/D:/Download/project/JavaProjectTemplate/src/main/java/com/parasoft/interfaces/IConvertor.java"/>
         <Loc binHash="4252642909" covId="2052078762" hash="667442694" locRef="5" projId="com.parasoft:project-with-default-package" projPath="/com.parasoft:project-with-default-package" project="com.parasoft:project-with-default-package" resProjPath="src/main/java/com/parasoft/interfaces2/ICalculator.java" sym="com.parasoft.interfaces2.ICalculator:2052078762" totLns="11" uri="file:/D:/Download/project/JavaProjectTemplate/src/main/java/com/parasoft/interfaces2/ICalculator.java"/>
         <Loc binHash="2634898856;218828384;2871757581;863759550" covId="1718134890,-2024947890,-704551445,-643246717" hash="-1125208154" locRef="6" projId="com.parasoft:project-with-default-package" projPath="/com.parasoft:project-with-default-package" project="com.parasoft:project-with-default-package" resProjPath="src/main/java/com/parasoft/nested/PhoneFactory.java" sym="com.parasoft.nested.PhoneFactory$Callable:-704551445;com.parasoft.nested.PhoneFactory:1718134890;com.parasoft.nested.PhoneFactory$Phone:-643246717;com.parasoft.nested.PhoneFactory$Brand:-2024947890" totLns="51" uri="file:/D:/Download/project/JavaProjectTemplate/src/main/java/com/parasoft/nested/PhoneFactory.java"/>
         <Loc hash="1204297563" locRef="7" projId="com.parasoft:project-with-default-package" projPath="/com.parasoft:project-with-default-package" project="com.parasoft:project-with-default-package" resProjPath="src/test/java/com/parasoft/nested/PhoneFactoryTest.java" uri="file:/D:/Download/project/JavaProjectTemplate/src/test/java/com/parasoft/nested/PhoneFactoryTest.java"/>
         <Loc hash="-637145177" locRef="8" projId="com.parasoft:project-with-default-package" projPath="/com.parasoft:project-with-default-package" project="com.parasoft:project-with-default-package" resProjPath="src/test/java/CalculatorTest.java" uri="file:/D:/Download/project/JavaProjectTemplate/src/test/java/CalculatorTest.java"/>
         <Loc hash="-1418152740" locRef="9" projId="com.parasoft:project-with-default-package" projPath="/com.parasoft:project-with-default-package" project="com.parasoft:project-with-default-package" resProjPath="src/test/java/com/parasoft/another/ConvertorTest.java" uri="file:/D:/Download/project/JavaProjectTemplate/src/test/java/com/parasoft/another/ConvertorTest.java"/>
         <Loc hash="1948962210" locRef="10" projId="com.parasoft:project-with-default-package" projPath="/com.parasoft:project-with-default-package" project="com.parasoft:project-with-default-package" resProjPath="src/test/java/com/parasoft/ConvertorTest.java" uri="file:/D:/Download/project/JavaProjectTemplate/src/test/java/com/parasoft/ConvertorTest.java"/>
      </Locations>
   </Scope>
   
  <SetupProblems/>

   <Exec ownerId="com.parasoft.xtest.checkers.api.execution" time="0:00:00">
      
      <AssocUrls>
         <Tag disp="需求" name="req"/>
         <Tag disp="功能要求" name="fr"/>
         <Tag disp="问题报告" name="pr"/>
         <Tag disp="任务" name="task"/>
         <Tag disp="资产" name="asset"/>
         <Tag disp="测试" name="test"/>
      </AssocUrls>
   
      
      <Categories>
         <CategoryGroup authTot="0;" authUrg="0;" desc="代表从已经审查的测试中产生的任务。这包括已经被标记为预期的异常，之前已经审查测试的断言失败，和任何其他形式并需要加以研究的非预期的行为 (例如超时)。" id="GROUP.UTEST.PROBL" label="修复单元测试问题" name="单元测试问题" total="0">
            <Category authTot="0;" authUrg="0;" id="EXC" name="运行时异常" short="异常" total="0"/>
            <Category authTot="0;" authUrg="0;" id="FAIL" name="断言失败" short="失败" total="0"/>
            <Category authTot="0;" authUrg="0;" id="CON.VIOL" name="契约违规" short="契约违规" total="0"/>
            <Category authTot="0;" authUrg="0;" id="PROF.PROBL" name="Profiling 问题" short="profiling 问题" total="0"/>
            <Category authTot="0;" authUrg="0;" id="EXEC.PROBL" name="执行问题" short="执行问题" total="0"/>
            <Category authTot="0;" authUrg="0;" id="TEST.PROBL" name="测试问题" short="测试问题" total="0"/>
         </CategoryGroup>
         <CategoryGroup authTot="0;" authUrg="0;" desc="这些自动生成的测试用例抛出的异常需要进行审查。经过审查它们将被标记为 &quot;预期&quot; 或者进行代码修复，这样异常就不会再发生了。" id="GROUP.UNVER.EXC" label="审查异常" name="异常" total="0">
            <Category authTot="0;" authUrg="0;" id="UNVER.EXC" name="未验证的运行时异常" short="未验证的异常" total="0"/>
         </CategoryGroup>
         <CategoryGroup authTot="0;" authUrg="0;" desc="这些断言失败来自于未被审查的自动生成的测试。当测试一生成就执行的时候预期为零，但是在测试没有被审查的情况下，重复执行有可能为非零。" id="GROUP.UNVER.FAIL" label="审查断言失败" name="断言失败" total="0">
            <Category authTot="0;" authUrg="0;" id="UNVER.FAIL" name="未验证的断言失败" short="未验证的失败" total="0"/>
         </CategoryGroup>
      </Categories>
      <Projects>
         <Project err="0" fail="0" id="com.parasoft:project-with-default-package" name="com.parasoft:project-with-default-package" pass="8" total="8">
            <CategoryGroupStats id="GROUP.UTEST.PROBL" total="0"/>
            <CategoryGroupStats id="GROUP.UNVER.EXC" total="0"/>
            <CategoryGroupStats id="GROUP.UNVER.FAIL" total="0"/>
         </Project>
      </Projects>
      
  <APICoverage/>

      
  <TrafficData/>
      
  <EnvData/>
      <FuncAPISecurity pentest="false">
         
  <Categories/>
         
  <Attacks/>
      </FuncAPISecurity>
      <Axe scan="false">
         
  <AxeRules/>
      </Axe>
      
  <ExecViols/>

      
   <ExecutedTestsDetails type="UT">
      <Total total="8" pass="8" name="通过 / 合计" time="0:00:00.109" authErr="0;" authFail="0;">
         <Project total="8" pass="8" name="com.parasoft:project-with-default-package" time="0:00:00.109" authErr="0;" id="com.parasoft:project-with-default-package" authFail="0;">
            <TestSuite locRef="7" root="true" name="com.parasoft.nested.PhoneFactoryTest" id="com.parasoft.nested.PhoneFactoryTest" total="1" pass="1" time="0:00:00.014" authErr="0;" authFail="0;">
               <Test auth="dtang" locRef="7" name="getIphone4()" startTime="1739154651253" id="com.parasoft.nested.PhoneFactoryTest|+|com.parasoft:project-with-default-package#PhoneFactoryTest.java#com.parasoft.nested.PhoneFactoryTest#getIphone4()" startPos="5" startLn="9" endLn="15" endPos="5" status="pass" total="1" pass="1" time="0:00:00.014" authErr="0;" authFail="0;"/>
            </TestSuite>
            <TestSuite locRef="8" root="true" name="CalculatorTest" id="CalculatorTest" total="2" pass="2" time="0:00:00.073" authErr="0;" authFail="0;">
               <Test auth="dtang" locRef="8" name="testAdd()" startTime="1739154651126" id="CalculatorTest|+|com.parasoft:project-with-default-package#CalculatorTest.java#CalculatorTest#testAdd()" startPos="5" startLn="7" endLn="12" endPos="5" status="pass" total="1" pass="1" time="0:00:00.071" authErr="0;" authFail="0;"/>
               <Test auth="dtang" locRef="8" name="testMinus()" startTime="1739154651200" id="CalculatorTest|+|com.parasoft:project-with-default-package#CalculatorTest.java#CalculatorTest#testMinus()" startPos="5" startLn="14" endLn="19" endPos="5" status="pass" total="1" pass="1" time="0:00:00.002" authErr="0;" authFail="0;"/>
            </TestSuite>
            <TestSuite locRef="9" root="true" name="com.parasoft.another.ConvertorTest" id="com.parasoft.another.ConvertorTest" total="2" pass="2" time="0:00:00.011" authErr="0;" authFail="0;">
               <Test auth="dtang" locRef="9" name="convertToString()" startTime="1739154651221" id="com.parasoft.another.ConvertorTest|+|com.parasoft:project-with-default-package#ConvertorTest.java#com.parasoft.another.ConvertorTest#convertToString()" startPos="5" startLn="9" endLn="14" endPos="5" status="pass" total="1" pass="1" time="0:00:00.003" authErr="0;" authFail="0;"/>
               <Test auth="dtang" locRef="9" name="name()" startTime="1739154651212" id="com.parasoft.another.ConvertorTest|+|com.parasoft:project-with-default-package#ConvertorTest.java#com.parasoft.another.ConvertorTest#name()" startPos="5" startLn="16" endLn="21" endPos="5" status="pass" total="1" pass="1" time="0:00:00.008" authErr="0;" authFail="0;"/>
            </TestSuite>
            <TestSuite locRef="10" root="true" name="com.parasoft.ConvertorTest" id="com.parasoft.ConvertorTest" total="3" pass="3" time="0:00:00.011" authErr="0;" authFail="0;">
               <Test auth="dtang" locRef="10" name="convertToString1()" startTime="1739154651236" id="com.parasoft.ConvertorTest|+|com.parasoft:project-with-default-package#ConvertorTest.java#com.parasoft.ConvertorTest#convertToString1()" startPos="5" startLn="9" endLn="14" endPos="5" status="pass" total="1" pass="1" time="0:00:00.006" authErr="0;" authFail="0;"/>
               <Test auth="dtang" locRef="10" name="convertToString2()" startTime="1739154651243" id="com.parasoft.ConvertorTest|+|com.parasoft:project-with-default-package#ConvertorTest.java#com.parasoft.ConvertorTest#convertToString2()" startPos="5" startLn="16" endLn="21" endPos="5" status="pass" total="1" pass="1" time="0:00:00.003" authErr="0;" authFail="0;"/>
               <Test auth="dtang" locRef="10" name="convertToString3()" startTime="1739154651247" id="com.parasoft.ConvertorTest|+|com.parasoft:project-with-default-package#ConvertorTest.java#com.parasoft.ConvertorTest#convertToString3()" startPos="5" startLn="23" endLn="28" endPos="5" status="pass" total="1" pass="1" time="0:00:00.002" authErr="0;" authFail="0;"/>
            </TestSuite>
         </Project>
      </Total>
   </ExecutedTestsDetails>

      
  <FuncTestDetails/>
      <Coverage>
         <Types>
            <CvgType cvgDecor="Marker" dispCvg="可执行行" dispId="行" dispName="行覆盖率" dispNoCvg="no 可执行行" id="LC"/>
         </Types>
         <CvgStats>
            <CvgInfo elem="合计" exp="1" num="32" total="40" val="80">
               <CvgInfo elem="com.parasoft:project-with-default-package" exp="1" num="32" total="40" val="80">
                  <CvgInfo elem="src/main/java" exp="1" num="32" total="40" val="80">
                     <CvgInfo elem="com/parasoft" exp="1" num="18" total="26" val="69">
                        <CvgInfo elem="another" exp="1" num="3" total="3" val="100">
                           <CvgInfo elem="Convertor.java" num="3" total="3" val="100">
                              <CvgInfo elem="Convertor" num="3" total="3" val="100">
                                 <CvgInfo elem="Convertor()" num="1" total="1" val="100"/>
                                 <CvgInfo elem="convertToString( int )" num="1" total="1" val="100"/>
                                 <CvgInfo elem="name()" num="1" total="1" val="100"/>
                              </CvgInfo>
                           </CvgInfo>
                        </CvgInfo>
                        <CvgInfo elem="interfaces2" exp="1" num="1" total="1" val="100">
                           <CvgInfo elem="ICalculator.java" num="1" total="1" val="100">
                              <CvgInfo elem="ICalculator" num="1" total="1" val="100">
                                 <CvgInfo elem="minus( int, int )" num="1" total="1" val="100"/>
                              </CvgInfo>
                           </CvgInfo>
                        </CvgInfo>
                        <CvgInfo elem="nested" exp="1" num="12" total="19" val="63">
                           <CvgInfo elem="PhoneFactory.java" num="12" total="19" val="63">
                              <CvgInfo elem="PhoneFactory" num="12" total="19" val="63">
                                 <CvgInfo elem="PhoneFactory$Brand" num="4" total="4" val="100">
                                    <CvgInfo elem="PhoneFactory$Brand( java.lang.String, int )" num="1" total="1" val="100"/>
                                    <CvgInfo elem="class initialization()" num="2" total="2" val="100"/>
                                    <CvgInfo elem="valueOf( java.lang.String )" num="1" total="1" val="100"/>
                                 </CvgInfo>
                                 <CvgInfo elem="PhoneFactory$Phone" num="7" total="13" val="54">
                                    <CvgInfo elem="PhoneFactory$Phone( java.lang.String, com.parasoft.nested.PhoneFactory$Brand )" num="4" total="4" val="100"/>
                                    <CvgInfo elem="PhoneFactory$Phone()" num="0" total="4" val="0"/>
                                    <CvgInfo elem="call911()" num="0" total="2" val="0"/>
                                    <CvgInfo elem="getBrand()" num="1" total="1" val="100"/>
                                    <CvgInfo elem="getName()" num="1" total="1" val="100"/>
                                    <CvgInfo elem="toString()" num="1" total="1" val="100"/>
                                 </CvgInfo>
                                 <CvgInfo elem="PhoneFactory()" num="0" total="1" val="0"/>
                                 <CvgInfo elem="getIphone4()" num="1" total="1" val="100"/>
                              </CvgInfo>
                           </CvgInfo>
                        </CvgInfo>
                        <CvgInfo elem="Convertor.java" num="2" total="3" val="67">
                           <CvgInfo elem="Convertor" num="2" total="3" val="67">
                              <CvgInfo elem="Convertor()" num="1" total="1" val="100"/>
                              <CvgInfo elem="convertToString( int )" num="1" total="1" val="100"/>
                              <CvgInfo elem="name()" num="0" total="1" val="0"/>
                           </CvgInfo>
                        </CvgInfo>
                     </CvgInfo>
                     <CvgInfo elem="Calculator.java" num="14" total="14" val="100">
                        <CvgInfo elem="Calculator" num="14" total="14" val="100">
                           <CvgInfo elem="Calculator$Screen" num="9" total="9" val="100">
                              <CvgInfo elem="Calculator$Screen$Brightness" num="4" total="4" val="100">
                                 <CvgInfo elem="Calculator$Screen$Brightness( java.lang.String, int )" num="1" total="1" val="100"/>
                                 <CvgInfo elem="class initialization()" num="2" total="2" val="100"/>
                                 <CvgInfo elem="valueOf( java.lang.String )" num="1" total="1" val="100"/>
                              </CvgInfo>
                              <CvgInfo elem="Calculator$Screen( Calculator$Screen$Brightness )" num="3" total="3" val="100"/>
                              <CvgInfo elem="showResult( int )" num="2" total="2" val="100"/>
                           </CvgInfo>
                           <CvgInfo elem="Calculator()" num="2" total="2" val="100"/>
                           <CvgInfo elem="add( int, int )" num="3" total="3" val="100"/>
                        </CvgInfo>
                     </CvgInfo>
                  </CvgInfo>
               </CvgInfo>
            </CvgInfo>
         </CvgStats>
         
      </Coverage>
   </Exec>
   <Statistics>
      
   </Statistics>
</ResultsSession>